id,nombre,apellido,tipo_documento,numero_documento,departamento,municipio,programa
beneficiario_001,Nombre_1,Apellido_1,CC,10000000,Cundinamarca,Bogota,Subsidio Vivienda
beneficiario_002,Nombre_2,Apellido_2,TI,10000001,Antioquia,Medellin,Subsidio Educativo
beneficiario_003,Nombre_3,Apellido_3,CC,10000002,Cundinamarca,Bogota,Subsidio Educativo
beneficiario_004,Nombre_4,Apellido_4,TI,10000003,Antioquia,Medellin,Subsidio Vivienda
beneficiario_005,Nombre_5,Apellido_5,CC,10000004,Cundinamarca,Bogota,Subsidio Educativo
beneficiario_006,Nombre_6,Apellido_6,TI,10000005,Antioquia,Medellin,Subsidio Educativo
beneficiario_007,Nombre_7,Apellido_7,CC,10000006,Cundinamarca,Bogota,Subsidio Vivienda
beneficiario_008,Nombre_8,Apellido_8,TI,10000007,Antioquia,Medellin,Subsidio Educativo
beneficiario_009,Nombre_9,Apellido_9,CC,10000008,Cundinamarca,Bogota,Subsidio Educativo
beneficiario_010,Nombre_10,Apellido_10,TI,10000009,Antioquia,Medellin,Subsidio Vivienda
beneficiario_011,Nombre_11,Apellido_11,CC,10000010,Cundinamarca,Bogota,Subsidio Educativo
beneficiario_012,Nombre_12,Apellido_12,TI,10000011,Antioquia,Medellin,Subsidio Educativo
beneficiario_013,Nombre_13,Apellido_13,CC,10000012,Cundinamarca,Bogota,Subsidio Vivienda
beneficiario_014,Nombre_14,Apellido_14,TI,10000013,Antioquia,Medellin,Subsidio Educativo
beneficiario_015,Nombre_15,Apellido_15,CC,10000014,Cundinamarca,Bogota,Subsidio Educativo
beneficiario_016,Nombre_16,Apellido_16,TI,10000015,Antioquia,Medellin,Subsidio Vivienda
beneficiario_017,Nombre_17,Apellido_17,CC,10000016,Cundinamarca,Bogota,Subsidio Educativo
beneficiario_018,Nombre_18,Apellido_18,TI,10000017,Antioquia,Medellin,Subsidio Educativo
beneficiario_019,Nombre_19,Apellido_19,CC,10000018,Cundinamarca,Bogota,Subsidio Vivienda
beneficiario_020,Nombre_20,Apellido_20,TI,10000019,Antioquia,Medellin,Subsidio Educativo
beneficiario_021,Nombre_21,Apellido_21,CC,10000020,Cundinamarca,Bogota,Subsidio Educativo
beneficiario_022,Nombre_22,Apellido_22,TI,10000021,Antioquia,Medellin,Subsidio Vivienda
beneficiario_023,Nombre_23,Apellido_23,CC,10000022,Cundinamarca,Bogota,Subsidio Educativo
beneficiario_024,Nombre_24,Apellido_24,TI,10000023,Antioquia,Medellin,Subsidio Educativo
beneficiario_025,Nombre_25,Apellido_25,CC,10000024,Cundinamarca,Bogota,Subsidio Vivienda
beneficiario_026,Nombre_26,Apellido_26,TI,10000025,Antioquia,Medellin,Subsidio Educativo
beneficiario_027,Nombre_27,Apellido_27,CC,10000026,Cundinamarca,Bogota,Subsidio Educativo
beneficiario_028,Nombre_28,Apellido_28,TI,10000027,Antioquia,Medellin,Subsidio Vivienda
beneficiario_029,Nombre_29,Apellido_29,CC,10000028,Cundinamarca,Bogota,Subsidio Educativo
beneficiario_030,Nombre_30,Apellido_30,TI,10000029,Antioquia,Medellin,Subsidio Educativo
beneficiario_031,Nombre_31,Apellido_31,CC,10000030,Cundinamarca,Bogota,Subsidio Vivienda
beneficiario_032,Nombre_32,Apellido_32,TI,10000031,Antioquia,Medellin,Subsidio Educativo
beneficiario_033,Nombre_33,Apellido_33,CC,10000032,Cundinamarca,Bogota,Subsidio Educativo
beneficiario_034,Nombre_34,Apellido_34,TI,10000033,Antioquia,Medellin,Subsidio Vivienda
beneficiario_035,Nombre_35,Apellido_35,CC,10000034,Cundinamarca,Bogota,Subsidio Educativo
beneficiario_036,Nombre_36,Apellido_36,TI,10000035,Antioquia,Medellin,Subsidio Educativo
beneficiario_037,Nombre_37,Apellido_37,CC,10000036,Cundinamarca,Bogota,Subsidio Vivienda
beneficiario_038,Nombre_38,Apellido_38,TI,10000037,Antioquia,Medellin,Subsidio Educativo
beneficiario_039,Nombre_39,Apellido_39,CC,10000038,Cundinamarca,Bogota,Subsidio Educativo
beneficiario_040,Nombre_40,Apellido_40,TI,10000039,Antioquia,Medellin,Subsidio Vivienda
beneficiario_041,Nombre_41,Apellido_41,CC,10000040,Cundinamarca,Bogota,Subsidio Educativo
beneficiario_042,Nombre_42,Apellido_42,TI,10000041,Antioquia,Medellin,Subsidio Educativo
beneficiario_043,Nombre_43,Apellido_43,CC,10000042,Cundinamarca,Bogota,Subsidio Vivienda
beneficiario_044,Nombre_44,Apellido_44,TI,10000043,Antioquia,Medellin,Subsidio Educativo
beneficiario_045,Nombre_45,Apellido_45,CC,10000044,Cundinamarca,Bogota,Subsidio Educativo
beneficiario_046,Nombre_46,Apellido_46,TI,10000045,Antioquia,Medellin,Subsidio Vivienda
beneficiario_047,Nombre_47,Apellido_47,CC,10000046,Cundinamarca,Bogota,Subsidio Educativo
beneficiario_048,Nombre_48,Apellido_48,TI,10000047,Antioquia,Medellin,Subsidio Educativo
beneficiario_049,Nombre_49,Apellido_49,CC,10000048,Cundinamarca,Bogota,Subsidio Vivienda
beneficiario_050,Nombre_50,Apellido_50,TI,10000049,Antioquia,Medellin,Subsidio Educativo
beneficiario_051,Nombre_51,Apellido_51,CC,10000050,Cundinamarca,Bogota,Subsidio Educativo
beneficiario_052,Nombre_52,Apellido_52,TI,10000051,Antioquia,Medellin,Subsidio Vivienda
beneficiario_053,Nombre_53,Apellido_53,CC,10000052,Cundinamarca,Bogota,Subsidio Educativo
beneficiario_054,Nombre_54,Apellido_54,TI,10000053,Antioquia,Medellin,Subsidio Educativo
beneficiario_055,Nombre_55,Apellido_55,CC,10000054,Cundinamarca,Bogota,Subsidio Vivienda
beneficiario_056,Nombre_56,Apellido_56,TI,10000055,Antioquia,Medellin,Subsidio Educativo
beneficiario_057,Nombre_57,Apellido_57,CC,10000056,Cundinamarca,Bogota,Subsidio Educativo
beneficiario_058,Nombre_58,Apellido_58,TI,10000057,Antioquia,Medellin,Subsidio Vivienda
beneficiario_059,Nombre_59,Apellido_59,CC,10000058,Cundinamarca,Bogota,Subsidio Educativo
beneficiario_060,Nombre_60,Apellido_60,TI,10000059,Antioquia,Medellin,Subsidio Educativo
beneficiario_061,Nombre_61,Apellido_61,CC,10000060,Cundinamarca,Bogota,Subsidio Vivienda
beneficiario_062,Nombre_62,Apellido_62,TI,10000061,Antioquia,Medellin,Subsidio Educativo
beneficiario_063,Nombre_63,Apellido_63,CC,10000062,Cundinamarca,Bogota,Subsidio Educativo
beneficiario_064,Nombre_64,Apellido_64,TI,10000063,Antioquia,Medellin,Subsidio Vivienda
beneficiario_065,Nombre_65,Apellido_65,CC,10000064,Cundinamarca,Bogota,Subsidio Educativo
beneficiario_066,Nombre_66,Apellido_66,TI,10000065,Antioquia,Medellin,Subsidio Educativo
beneficiario_067,Nombre_67,Apellido_67,CC,10000066,Cundinamarca,Bogota,Subsidio Vivienda
beneficiario_068,Nombre_68,Apellido_68,TI,10000067,Antioquia,Medellin,Subsidio Educativo
beneficiario_069,Nombre_69,Apellido_69,CC,10000068,Cundinamarca,Bogota,Subsidio Educativo
beneficiario_070,Nombre_70,Apellido_70,TI,10000069,Antioquia,Medellin,Subsidio Vivienda
beneficiario_071,Nombre_71,Apellido_71,CC,10000070,Cundinamarca,Bogota,Subsidio Educativo
beneficiario_072,Nombre_72,Apellido_72,TI,10000071,Antioquia,Medellin,Subsidio Educativo
beneficiario_073,Nombre_73,Apellido_73,CC,10000072,Cundinamarca,Bogota,Subsidio Vivienda
beneficiario_074,Nombre_74,Apellido_74,TI,10000073,Antioquia,Medellin,Subsidio Educativo
beneficiario_075,Nombre_75,Apellido_75,CC,10000074,Cundinamarca,Bogota,Subsidio Educativo
beneficiario_076,Nombre_76,Apellido_76,TI,10000075,Antioquia,Medellin,Subsidio Vivienda
beneficiario_077,Nombre_77,Apellido_77,CC,10000076,Cundinamarca,Bogota,Subsidio Educativo
beneficiario_078,Nombre_78,Apellido_78,TI,10000077,Antioquia,Medellin,Subsidio Educativo
beneficiario_079,Nombre_79,Apellido_79,CC,10000078,Cundinamarca,Bogota,Subsidio Vivienda
beneficiario_080,Nombre_80,Apellido_80,TI,10000079,Antioquia,Medellin,Subsidio Educativo
beneficiario_081,Nombre_81,Apellido_81,CC,10000080,Cundinamarca,Bogota,Subsidio Educativo
beneficiario_082,Nombre_82,Apellido_82,TI,10000081,Antioquia,Medellin,Subsidio Vivienda
beneficiario_083,Nombre_83,Apellido_83,CC,10000082,Cundinamarca,Bogota,Subsidio Educativo
beneficiario_084,Nombre_84,Apellido_84,TI,10000083,Antioquia,Medellin,Subsidio Educativo
beneficiario_085,Nombre_85,Apellido_85,CC,10000084,Cundinamarca,Bogota,Subsidio Vivienda
beneficiario_086,Nombre_86,Apellido_86,TI,10000085,Antioquia,Medellin,Subsidio Educativo
beneficiario_087,Nombre_87,Apellido_87,CC,10000086,Cundinamarca,Bogota,Subsidio Educativo
beneficiario_088,Nombre_88,Apellido_88,TI,10000087,Antioquia,Medellin,Subsidio Vivienda
beneficiario_089,Nombre_89,Apellido_89,CC,10000088,Cundinamarca,Bogota,Subsidio Educativo
beneficiario_090,Nombre_90,Apellido_90,TI,10000089,Antioquia,Medellin,Subsidio Educativo
beneficiario_091,Nombre_91,Apellido_91,CC,10000090,Cundinamarca,Bogota,Subsidio Vivienda
beneficiario_092,Nombre_92,Apellido_92,TI,10000091,Antioquia,Medellin,Subsidio Educativo
beneficiario_093,Nombre_93,Apellido_93,CC,10000092,Cundinamarca,Bogota,Subsidio Educativo
beneficiario_094,Nombre_94,Apellido_94,TI,10000093,Antioquia,Medellin,Subsidio Vivienda
beneficiario_095,Nombre_95,Apellido_95,CC,10000094,Cundinamarca,Bogota,Subsidio Educativo
beneficiario_096,Nombre_96,Apellido_96,TI,10000095,Antioquia,Medellin,Subsidio Educativo
beneficiario_097,Nombre_97,Apellido_97,CC,10000096,Cundinamarca,Bogota,Subsidio Vivienda
beneficiario_098,Nombre_98,Apellido_98,TI,10000097,Antioquia,Medellin,Subsidio Educativo
beneficiario_099,Nombre_99,Apellido_99,CC,10000098,Cundinamarca,Bogota,Subsidio Educativo
beneficiario_100,Nombre_100,Apellido_100,TI,10000099,Antioquia,Medellin,Subsidio Vivienda
